Name,Link
Adel Nasim,https://www.youtube.com//channel/UCa--uYErOqjm8qT576P1hMQ
Ahmed El Wakil,https://www.youtube.com//user/cairodrivechannel
Ahmed Kamel - أحمد كامل,https://www.youtube.com//user/BOMB958
ahmed mohamady,https://www.youtube.com//user/theCodeFather00
Ahmed Nazmy,https://www.youtube.com//channel/UCVmUkof79TOQy-9nclwdPCw
AitroniX,https://www.youtube.com//channel/UCmd7ljgRyJs907vkt6_BfeA
Ali Muhammad Ali,https://www.youtube.com//user/flashawy
Ali Shahin,https://www.youtube.com//channel/UC4Y8dVfo_-aydzENDmE7wTw
Amr Atallah - عمرو عطاالله,https://www.youtube.com//user/amr13330
anaHr,https://www.youtube.com//channel/UCLIvNqBJtlcw9ymmRhyAacw
Arabic Competitive Programming,https://www.youtube.com//user/nobody123497
Codezilla,https://www.youtube.com//channel/UCveX_0uBOHVHbpV838OGXVA
Coursatai,https://www.youtube.com//channel/UCBJVn0Wdpy-Ovp0ewV5jqRQ
Daily Sabry,https://www.youtube.com//channel/UCrCyNPwHaRzkJ43kQLu0VWQ
El Joker,https://www.youtube.com//user/3amoeljoo
Elzero Web School,https://www.youtube.com//user/OsamaElzero
Hesham Asem,https://www.youtube.com//channel/UCxxljM6JkSvJVSD_T90ZnMw
Kareem Esmail,https://www.youtube.com//channel/UCsQqxYEBQHILQS237kcoDKw
KEMO GAMER,https://www.youtube.com//channel/UC2_h6cuf3rD1_O5N3oLt3TA
Linux Command,https://www.youtube.com//channel/UClIzbMXqq_Su-J7xifjcmkA
Linux Inside,https://www.youtube.com//channel/UCRfSPu333M7U20vRCcClY2Q
MahmoudIsmailTV,https://www.youtube.com//user/MahmoudIsmailTV
Mega Code,https://www.youtube.com//channel/UCEwfTBslCkubj_TlTBLNyNA
Molhemin,https://www.youtube.com//channel/UCfMduTzOLgkvh4rEnkU21Ag
Mr Algorithms,https://www.youtube.com//channel/UCVHLc9yPGHWMPjpgnSpUItA
Muhammed Essa,https://www.youtube.com//user/muhammedgalaxy
Omar Abdelrahim,https://www.youtube.com//channel/UCxmEEGYXJkgJJO12nJhXl5g
Python Arabic Community,https://www.youtube.com//channel/UC9ocsRoOwj9tkAQNfUt8ZJg
Sabry,https://www.youtube.com//channel/UC-QtZBV4BXx1yobntL2yXWg
Shorts - Clips دروس أونلاين,https://www.youtube.com//channel/UCcZAb104e_K7yJc8e_hPyDQ
SICKOLOGY TV - بالعربي,https://www.youtube.com//channel/UCUy-scqMK56H0bslR1-UOKw
Simplilearn,https://www.youtube.com//user/Simplilearn
The Net Ninja,https://www.youtube.com//channel/UCW5YeuERMmlnqo4oq8vwUpg
Yasser Mamdouh,https://www.youtube.com//channel/UC4a5m_aUZQ-PARanwoOKHAw
zAmericanEnglish,https://www.youtube.com//channel/UCHrD4qdeQc1BbpG6EPqDBcA
أخضر,https://www.youtube.com//channel/UCtUor2SqesPS3b_SMFtLT_w
إيه المشكلة,https://www.youtube.com//channel/UCQ2X_YPmdjBOjVq6dLbO0pQ
دروس أونلاين,https://www.youtube.com//user/DroosOnline4u
طحالب,https://www.youtube.com//channel/UCuLxvZzGeoJYATCMr97dJZQ
غريب الشيخ || Ghareeb Elshaikh,https://www.youtube.com//channel/UCnGblT_CyMwswTIH9QmJ3YQ
محمد الدسوقى,https://www.youtube.com//user/DesoukiEgypt
وعي,https://www.youtube.com//channel/UC2qcjzOEX3lxE73cyroWdiw
